CANADIAN DOLLAR - CHICAGO MERCANTILE EXCHANGE,260512,2026-05-12,090741,CME ,00,090 ,  251467,   69818,   72243,    2075,   90749,   66981,    6595,   29032,   66695,    7119,   13795,       0,       0,  219183,  221708,   32284,   29759,    7674,     320,    5767,     561,   -1524,    4498,     804,    3291,   -6804,    2883,     260,    -454,    -247,    6348,    7008,    1326,     666,  100.0,   27.8,   28.7,    0.8,   36.1,   26.6,    2.6,   11.5,   26.5,    2.8,    5.5,    0.0,    0.0,   87.2,   88.2,   12.8,   11.8,    120,.,     12,.,     17,     23,      9,     20,     32,     11,     13,      0,      0,     71,     71,    58.0,    28.7,    64.8,    43.4,    58.0,    28.7,    63.7,    43.4,"(CONTRACTS OF CAD 100,000)",090741,CME ,090 ,F10,FutOnly
SWISS FRANC - CHICAGO MERCANTILE EXCHANGE,260512,2026-05-12,092741,CME ,00,092 ,   94743,   66537,   12680,       4,    5638,   43409,    1753,    5389,   13097,     214,    1000,    1295,    3103,   83638,   75555,   11105,   19188,     275,    1226,     230,     -30,     -32,     126,      34,   -1000,      74,     -12,       0,      21,       2,     188,     445,      87,    -170,  100.0,   70.2,   13.4,    0.0,    6.0,   45.8,    1.9,    5.7,   13.8,    0.2,    1.1,    1.4,    3.3,   88.3,   79.7,   11.7,   20.3,     49,      7,      4,.,      4,     13,.,      8,      9,.,.,.,.,     27,     29,    67.9,    50.0,    78.3,    64.6,    67.9,    50.0,    75.8,    61.4,"(CONTRACTS OF CHF 125,000)",092741,CME ,092 ,F10,FutOnly
BRITISH POUND - CHICAGO MERCANTILE EXCHANGE,260512,2026-05-12,096742,CME ,00,096 ,  283643,  121666,   64792,    4624,   45622,  138772,    6515,   70179,   32877,    7453,     566,       0,       0,  256625,  255033,   27018,   28610,    7500,  -10288,   11195,    -969,    7417,   -2063,    1807,    7066,   -4187,     443,     566,       0,       0,    6042,    6226,    1458,    1274,  100.0,   42.9,   22.8,    1.6,   16.1,   48.9,    2.3,   24.7,   11.6,    2.6,    0.2,    0.0,    0.0,   90.5,   89.9,    9.5,   10.1,    108,      7,      9,.,     15,     26,      9,     26,     24,     12,.,      0,      0,     61,     71,    56.4,    39.7,    67.7,    55.9,    55.0,    39.6,    65.7,    55.9,"(CONTRACTS OF GBP 62,500)",096742,CME ,096 ,F10,FutOnly
JAPANESE YEN - CHICAGO MERCANTILE EXCHANGE,260512,2026-05-12,097741,CME ,00,097 ,  362042,   85065,   42886,   20461,   66868,   86860,   23820,   75029,  137469,    7048,   43481,    4187,    1771,  323543,  324502,   38499,   37540,    8037,   16277,   -4060,    1676,   -2303,    7093,    -831,  -11056,   -1513,    2383,    1375,    1644,    -258,    7263,    6134,     774,    1903,  100.0,   23.5,   11.8,    5.7,   18.5,   24.0,    6.6,   20.7,   38.0,    1.9,   12.0,    1.2,    0.5,   89.4,   89.6,   10.6,   10.4,    144,      9,     13,      5,     25,     25,     12,     20,     39,     13,      8,      4,.,     81,     95,    30.9,    37.1,    48.4,    54.6,    30.9,    30.5,    45.5,    44.9,"(CONTRACTS OF JPY 12,500,000)",097741,CME ,097 ,F10,FutOnly
EURO FX - CHICAGO MERCANTILE EXCHANGE,260512,2026-05-12,099741,CME ,00,099 ,  829377,   50756,  403974,   22627,  447503,  157223,   46202,  115836,   97833,   31734,   23723,   17642,    3118,  741499,  780353,   87878,   49024,   13435,     182,   10225,    -221,    3896,    -771,    1719,    4977,   -1180,    2666,     740,    -802,    -246,   13713,   11390,    -278,    2045,  100.0,    6.1,   48.7,    2.7,   54.0,   19.0,    5.6,   14.0,   11.8,    3.8,    2.9,    2.1,    0.4,   89.4,   94.1,   10.6,    5.9,    316,     18,     11,     11,    118,     43,     52,     48,     36,     21,     25,     17,.,    237,    165,    15.1,    50.0,    24.1,    61.7,    14.6,    49.2,    23.5,    59.9,"(CONTRACTS OF EUR 125,000)",099741,CME ,099 ,F10,FutOnly
AUSTRALIAN DOLLAR - CHICAGO MERCANTILE EXCHANGE,260512,2026-05-12,232741,CME ,00,232 ,  289244,   38739,  174431,     204,  106979,   59428,    5515,   87122,   31271,    2223,    5977,     500,      20,  246779,  273592,   42465,   15652,    9712,    1201,    3297,     -96,    2522,    -155,     170,    5047,    5796,     350,     127,     -99,      12,    9333,    9275,     379,     437,  100.0,   13.4,   60.3,    0.1,   37.0,   20.5,    1.9,   30.1,   10.8,    0.8,    2.1,    0.2,    0.0,   85.3,   94.6,   14.7,    5.4,    126,     12,      9,.,     28,      8,      9,     39,     19,     11,     10,.,.,     95,     54,    36.5,    68.0,    45.5,    78.5,    36.4,    67.8,    45.5,    77.5,"(CONTRACTS OF AUD 100,000)",232741,CME ,232 ,F10,FutOnly
EURO FX/BRITISH POUND XRATE - CHICAGO MERCANTILE EXCHANGE,260512,2026-05-12,299741,CME ,00,099 ,   36150,     484,   25921,       0,   17411,       0,    1121,    2046,    3288,     353,       0,       0,       0,   21415,   30683,   14735,    5467,    -430,       0,     239,       0,      21,       0,       0,    -394,    -854,     353,       0,       0,       0,     -20,    -262,    -410,    -168,  100.0,    1.3,   71.7,    0.0,   48.2,    0.0,    3.1,    5.7,    9.1,    1.0,    0.0,    0.0,    0.0,   59.2,   84.9,   40.8,   15.1,     24,.,.,      0,     13,      0,.,.,      5,.,      0,      0,      0,     17,     11,    26.2,    77.0,    42.9,    82.9,    25.5,    76.3,    40.8,    80.8,"(CONTRACTS OF EUR 125,000)",299741,CME ,099 ,F10,FutOnly
EURO FX/JAPANESE YEN XRATE - CHICAGO MERCANTILE EXCHANGE,260512,2026-05-12,399741,CME ,00,099 ,   21331,    3364,    2698,      65,    6980,   12714,     374,     910,     795,       5,       0,       0,       0,   11698,   16651,    9633,    4680,     385,     -90,     -65,      65,     474,      63,      96,    -127,     109,       0,       0,       0,       0,     418,     268,     -33,     117,  100.0,   15.8,   12.6,    0.3,   32.7,   59.6,    1.8,    4.3,    3.7,    0.0,    0.0,    0.0,    0.0,   54.8,   78.1,   45.2,   21.9,     26,.,.,.,      8,     11,      7,.,.,.,      0,      0,      0,     18,     17,    31.0,    33.2,    46.7,    55.3,    31.0,    32.5,    46.7,    53.8,"(CONTRACTS OF EUR 125,000)",399741,CME ,099 ,F10,FutOnly
MEXICAN PESO - CHICAGO MERCANTILE EXCHANGE,260512,2026-05-12,095741,CME ,00,095 ,  188631,   25121,   51183,     159,   70767,   36722,    3923,   76560,   18702,     764,    2410,   72902,       0,  179704,  184355,    8927,    4276,    1732,     382,    -438,     158,     589,    -239,    1025,   -3451,   -1126,     -30,     759,     -84,       0,    -568,    -734,    2300,    2466,  100.0,   13.3,   27.1,    0.1,   37.5,   19.5,    2.1,   40.6,    9.9,    0.4,    1.3,   38.6,    0.0,   95.3,   97.7,    4.7,    2.3,    172,      9,     10,.,     33,     10,      5,     76,     20,      7,      7,      6,      0,    129,     56,    27.8,    72.3,    42.0,    81.1,    27.8,    72.0,    42.0,    80.7,"(CONTRACTS OF MXN 500,000)",095741,CME ,095 ,F15,FutOnly
BRAZILIAN REAL - CHICAGO MERCANTILE EXCHANGE,260512,2026-05-12,102741,CME ,00,102 ,  132278,    6128,   89522,      35,   78305,    1257,     270,   37277,   23914,     837,    3588,   15217,       0,  126440,  131052,    5838,    1226,    1157,    -390,       6,       8,    1830,     109,       0,   -1475,   -1586,     364,      90,    2287,      -9,     418,    1179,     739,     -22,  100.0,    4.6,   67.7,    0.0,   59.2,    1.0,    0.2,   28.2,   18.1,    0.6,    2.7,   11.5,    0.0,   95.6,   99.1,    4.4,    0.9,    114,      6,      7,.,     22,      7,.,     47,     10,      4,      9,      6,      0,     88,     34,    38.5,    72.9,    52.1,    90.5,    38.5,    72.9,    52.1,    90.5,"(CONTRACTS OF BRL 100,000)",102741,CME ,102 ,F15,FutOnly
NZ DOLLAR - CHICAGO MERCANTILE EXCHANGE,260512,2026-05-12,112741,CME ,00,112 ,   86227,   62602,    5662,      75,    8556,   46856,     244,    7792,   27227,     390,    3418,     256,       0,   83077,   80710,    3150,    5517,     887,   -2076,    1999,       0,     572,   -4177,      14,    2138,    2279,      13,     562,    -196,       0,    1223,     -68,    -336,     955,  100.0,   72.6,    6.6,    0.1,    9.9,   54.3,    0.3,    9.0,   31.6,    0.5,    4.0,    0.3,    0.0,   96.3,   93.6,    3.7,    6.4,     93,      8,      4,.,     10,     19,.,     17,     30,      6,      4,.,      0,     45,     58,    72.8,    49.9,    81.9,    68.6,    72.8,    49.9,    81.7,    68.6,"(CONTRACTS OF NZD 100,000)",112741,CME ,112 ,F15,FutOnly
SO AFRICAN RAND - CHICAGO MERCANTILE EXCHANGE,260512,2026-05-12,122741,CME ,00,122 ,   23330,    3185,   18298,       0,   10308,    2123,      77,    6509,    1408,     511,       0,     223,       0,   20590,   22640,    2740,     690,     115,    -398,     141,       0,     811,     640,       0,      76,    -800,    -221,       0,     223,       0,     268,     -17,    -153,     132,  100.0,   13.7,   78.4,    0.0,   44.2,    9.1,    0.3,   27.9,    6.0,    2.2,    0.0,    1.0,    0.0,   88.3,   97.0,   11.7,    3.0,     49,      4,.,      0,     12,      4,.,     20,      5,.,      0,.,      0,     38,     14,    34.6,    84.8,    50.4,    93.2,    34.6,    84.8,    50.1,    91.6,"(CONTRACTS OF ZAR 500,000)",122741,CME ,122 ,F15,FutOnly
DJIA Consolidated - CHICAGO BOARD OF TRADE,260512,2026-05-12,12460+,CBT ,00,124 ,   86762,   44685,   31657,    1353,   14194,   16150,     569,    8537,   22538,    3615,     292,      35,       2,   73246,   75919,   13515,   10843,    4617,    4275,   -2030,     247,     798,    5392,      37,     531,     -65,    -170,     292,       5,     -11,    5998,    3404,   -1381,    1213,  100.0,   51.5,   36.5,    1.6,   16.4,   18.6,    0.7,    9.8,   26.0,    4.2,    0.3,    0.0,    0.0,   84.4,   87.5,   15.6,   12.5,     95,     14,     10,      5,     15,      9,      4,     20,     25,     10,.,.,.,     59,     56,    46.3,    42.3,    59.4,    61.5,    45.9,    42.2,    57.1,    61.4,($5 X DJIA INDEX),12460+,CBT ,124 ,F20,FutOnly
DJIA x $5 - CHICAGO BOARD OF TRADE,260512,2026-05-12,124603,CBT ,00,124 ,   81940,   42445,   31756,     730,   14194,   16150,     569,    9575,   22204,    1198,     292,       0,       0,   69003,   72607,   12937,    9333,    3510,    2840,   -2126,     199,     798,    5392,      37,     756,   -1312,    -147,     292,       0,       0,    4775,    2043,   -1265,    1467,  100.0,   51.8,   38.8,    0.9,   17.3,   19.7,    0.7,   11.7,   27.1,    1.5,    0.4,    0.0,    0.0,   84.2,   88.6,   15.8,   11.4,     78,     13,      8,      4,     15,      9,      4,     15,     17,      5,.,      0,      0,     49,     42,    49.0,    44.8,    60.7,    65.0,    48.6,    44.7,    60.3,    64.9,($5 X DJIA INDEX),124603,CBT ,124 ,F20,FutOnly
DOW JONES U.S. REAL ESTATE IDX - CHICAGO BOARD OF TRADE,260512,2026-05-12,124606,CBT ,00,124 ,   72470,   12397,   49704,       0,   41848,   14597,    2477,   12416,    4852,       0,       0,       0,       0,   69138,   71630,    3332,     840,    1602,    1893,   -3263,       0,   -1704,    6009,    -126,    2092,   -1105,    -161,       0,       0,       0,    1994,    1354,    -392,     248,  100.0,   17.1,   68.6,    0.0,   57.7,   20.1,    3.4,   17.1,    6.7,    0.0,    0.0,    0.0,    0.0,   95.4,   98.8,    4.6,    1.2,     48,      5,      6,      0,     23,      5,.,      6,.,      0,      0,      0,      0,     36,     15,    46.3,    72.1,    61.3,    92.0,    46.3,    69.9,    60.7,    89.8,($100 X DJ US REAL ESTATE INDEX),124606,CBT ,124 ,F20,FutOnly
MICRO E-MINI DJIA (x$0.5) - CHICAGO BOARD OF TRADE,260512,2026-05-12,124608,CBT ,00,124 ,   48215,   28628,    5238,       1,       0,       0,       0,   12903,   26626,     879,       0,     350,      23,   42434,   33117,    5781,   15098,   11070,   14822,    1433,       1,       0,       0,       0,   -2413,   12314,     -75,       0,      46,    -105,   12230,   13614,   -1160,   -2544,  100.0,   59.4,   10.9,    0.0,    0.0,    0.0,    0.0,   26.8,   55.2,    1.8,    0.0,    0.7,    0.0,   88.0,   68.7,   12.0,   31.3,     25,.,      4,.,      0,      0,      0,      8,     10,.,      0,.,.,     13,     17,    79.8,    52.2,    86.0,    61.9,    79.8,    51.3,    85.4,    61.1,($0.5 X DJIA INDEX),124608,CBT ,124 ,F20,FutOnly
S&P 500 Consolidated - CHICAGO MERCANTILE EXCHANGE,260512,2026-05-12,13874+,CME ,00,138 , 2078428,  138126,  874160,   55876, 1242976,  184926,   98129,  148141,  577496,   62219,   64306,   46709,     660, 1810433, 1900175,  267996,  178254,   69459,   14217,   37977,    8634,   34113,  -10536,   -6484,    7015,   37564,    7332,   -3862,   -3627,     484,   61447,   71343,    8012,   -1884,  100.0,    6.6,   42.1,    2.7,   59.8,    8.9,    4.7,    7.1,   27.8,    3.0,    3.1,    2.2,    0.0,   87.1,   91.4,   12.9,    8.6,    462,     30,     40,     18,    175,     38,     85,     59,     91,     59,     17,     12,      4,    353,    275,     9.4,    22.6,    17.9,    34.0,     9.3,    21.3,    17.5,    32.2,(S&P 500 INDEX X $50.00),13874+,CME ,138 ,F20,FutOnly
E-MINI S&P CONSUMER DISC INDEX - CHICAGO MERCANTILE EXCHANGE,260512,2026-05-12,138747,CME ,00,138 ,    7578,    5118,    1364,       0,     818,    3025,     101,     675,    2001,       0,       0,       0,       0,    6712,    6491,     866,    1087,     653,     711,     179,       0,       0,    -347,       0,       0,     758,       0,       0,       0,       0,     711,     590,     -58,      63,  100.0,   67.5,   18.0,    0.0,   10.8,   39.9,    1.3,    8.9,   26.4,    0.0,    0.0,    0.0,    0.0,   88.6,   85.7,   11.4,   14.3,     21,      4,      4,      0,.,      6,.,.,      4,      0,      0,      0,      0,      8,     14,    70.4,    44.8,    88.6,    66.3,    70.4,    44.8,    87.2,    66.3,($100 x S&P Select Sector Consumer Discretionary Index price),138747,CME ,138 ,F20,FutOnly
E-MINI S&P CONSU STAPLES INDEX - CHICAGO MERCANTILE EXCHANGE,260512,2026-05-12,138748,CME ,00,138 ,   24488,   19131,    5187,       0,    3137,   13985,     202,     416,    3317,       0,       0,       0,       0,   22886,   22691,    1602,    1797,    -452,    1125,    -570,       0,   -1698,   -2657,       0,     416,    2629,       0,       0,       0,       0,    -157,    -598,    -295,     146,  100.0,   78.1,   21.2,    0.0,   12.8,   57.1,    0.8,    1.7,   13.5,    0.0,    0.0,    0.0,    0.0,   93.5,   92.7,    6.5,    7.3,     27,      7,      6,      0,      5,      5,.,.,.,      0,      0,      0,      0,     14,     14,    67.7,    62.7,    85.0,    82.9,    67.7,    62.7,    85.0,    82.9,($100 x S&P Select Sector Consumer Staples Index price),138748,CME ,138 ,F20,FutOnly
E-MINI S&P ENERGY INDEX - CHICAGO MERCANTILE EXCHANGE,260512,2026-05-12,138749,CME ,00,138 ,   28293,    7852,   21864,       0,   15463,    1034,     197,    1125,    4800,       0,       0,       0,       0,   24637,   27895,    3656,     398,    -522,    3905,     122,       0,   -3855,    -112,       0,    -511,    -281,       0,       0,       0,       0,    -461,    -271,     -61,    -251,  100.0,   27.8,   77.3,    0.0,   54.7,    3.7,    0.7,    4.0,   17.0,    0.0,    0.0,    0.0,    0.0,   87.1,   98.6,   12.9,    1.4,     36,      7,      7,      0,     13,.,.,.,      4,      0,      0,      0,      0,     24,     13,    49.0,    66.1,    64.8,    88.5,    49.0,    66.1,    64.8,    88.5,($100 x S&P Select Sector Energy Index price),138749,CME ,138 ,F20,FutOnly
E-MINI S&P 500 - CHICAGO MERCANTILE EXCHANGE,260512,2026-05-12,13874A,CME ,00,138 , 2056229,  137266,  873539,   55767, 1239798,  184926,   97750,  148507,  580945,   51162,   64306,   46490,     654, 1795210, 1891233,  261019,  164996,   68544,   10826,   37512,   11220,   34448,  -10536,   -6356,    7922,   34485,    6023,   -3862,   -3627,     484,   60705,   69205,    7839,    -661,  100.0,    6.7,   42.5,    2.7,   60.3,    9.0,    4.8,    7.2,   28.3,    2.5,    3.1,    2.3,    0.0,   87.3,   92.0,   12.7,    8.0,    447,     28,     39,     18,    171,     38,     83,     57,     86,     54,     17,     11,.,    339,    266,     9.5,    22.8,    18.1,    34.3,     9.4,    21.5,    17.7,    32.5,($50 X S&P 500 INDEX),13874A,CME ,138 ,F20,FutOnly
E-MINI S&P FINANCIAL INDEX - CHICAGO MERCANTILE EXCHANGE,260512,2026-05-12,13874C,CME ,00,138 ,   70633,   53790,   63390,       0,   13072,    1211,       0,    2210,    4937,       0,       0,       0,       0,   69072,   69538,    1561,    1095,    1147,     528,    1084,       0,     475,    -233,       0,     228,     245,       0,       0,       0,       0,    1231,    1096,     -84,      51,  100.0,   76.2,   89.7,    0.0,   18.5,    1.7,    0.0,    3.1,    7.0,    0.0,    0.0,    0.0,    0.0,   97.8,   98.4,    2.2,    1.6,     34,     10,     10,      0,      6,.,      0,.,.,      0,      0,      0,      0,     19,     15,    64.7,    71.3,    87.8,    92.3,    64.7,    71.3,    87.8,    92.3,($250 x S&P Select Sector Financial Index price),13874C,CME ,138 ,F20,FutOnly
E-MINI S&P HEALTH CARE INDEX - CHICAGO MERCANTILE EXCHANGE,260512,2026-05-12,13874E,CME ,00,138 ,   18927,    7089,   16857,       0,    7765,       0,       0,     889,    1147,       0,       0,       0,       0,   15743,   18004,    3184,     923,    -457,     505,    -597,       0,    -696,       0,       0,       0,      56,       0,       0,       0,       0,    -191,    -541,    -266,      84,  100.0,   37.5,   89.1,    0.0,   41.0,    0.0,    0.0,    4.7,    6.1,    0.0,    0.0,    0.0,    0.0,   83.2,   95.1,   16.8,    4.9,     26,      7,      5,      0,      9,      0,      0,.,.,      0,      0,      0,      0,     18,      8,    48.3,    88.0,    62.9,    95.1,    48.3,    88.0,    62.9,    95.1,($100 x S&P Select Sector Health Care Index price),13874E,CME ,138 ,F20,FutOnly
E-MINI S&P INDUSTRIAL INDEX - CHICAGO MERCANTILE EXCHANGE,260512,2026-05-12,13874F,CME ,00,138 ,   15330,    6568,    8893,       0,    6730,    3197,       0,     295,    2293,       0,       0,       0,       0,   13593,   14383,    1737,     947,    -348,    -381,     999,       0,      82,     -38,       0,     295,   -1394,       0,       0,       0,       0,      -4,    -433,    -344,      85,  100.0,   42.8,   58.0,    0.0,   43.9,   20.9,    0.0,    1.9,   15.0,    0.0,    0.0,    0.0,    0.0,   88.7,   93.8,   11.3,    6.2,     24,      7,      5,      0,      6,.,      0,.,.,      0,      0,      0,      0,     14,     10,    58.5,    62.2,    76.0,    90.1,    58.5,    62.2,    76.0,    90.1,($100 x S&P Select Sector Industrial Index price),13874F,CME ,138 ,F20,FutOnly
E-MINI S&P TECHNOLOGY INDEX - CHICAGO MERCANTILE EXCHANGE,260512,2026-05-12,13874I,CME ,00,138 ,   19444,    1215,   17746,       0,   14474,     296,       0,     537,     850,       0,       0,       0,       0,   16226,   18892,    3218,     552,     427,    -266,     493,       0,     602,      81,       0,     -19,     -53,       0,       0,       0,       0,     317,     521,     110,     -94,  100.0,    6.2,   91.3,    0.0,   74.4,    1.5,    0.0,    2.8,    4.4,    0.0,    0.0,    0.0,    0.0,   83.4,   97.2,   16.6,    2.8,     27,.,      8,      0,     12,.,      0,.,.,      0,      0,      0,      0,     16,     11,    54.1,    74.6,    70.6,    91.5,    54.1,    74.6,    70.6,    91.5,($100 x S&P Select Sector Technology Index price),13874I,CME ,138 ,F20,FutOnly
E-MINI S&P UTILITIES INDEX - CHICAGO MERCANTILE EXCHANGE,260512,2026-05-12,13874J,CME ,00,138 ,   19526,    3288,   13796,       0,   10761,    3406,       0,    1691,     751,      12,       0,       0,       0,   15752,   17965,    3774,    1561,   -2833,     224,   -2247,       0,   -3287,    1466,       0,     153,   -2529,      12,       0,       0,       0,   -2898,   -3298,      65,     465,  100.0,   16.8,   70.7,    0.0,   55.1,   17.4,    0.0,    8.7,    3.8,    0.1,    0.0,    0.0,    0.0,   80.7,   92.0,   19.3,    8.0,     31,.,      9,      0,     10,      4,      0,      4,.,.,      0,      0,      0,     16,     16,    53.3,    54.2,    67.5,    74.4,    53.3,    54.2,    67.5,    74.4,($100 x S&P Select Sector Utilities Index price),13874J,CME ,138 ,F20,FutOnly
E-MINI S&P COMMUNICATION INDEX - CHICAGO MERCANTILE EXCHANGE,260512,2026-05-12,13874P,CME ,00,138 ,   19065,    2854,   17917,       0,   14885,       0,       0,       0,     700,       0,       0,       0,       0,   17739,   18617,    1326,     448,    1266,     229,    1351,       0,    1364,       0,       0,    -227,     200,       0,       0,       0,       0,    1366,    1551,    -100,    -285,  100.0,   15.0,   94.0,    0.0,   78.1,    0.0,    0.0,    0.0,    3.7,    0.0,    0.0,    0.0,    0.0,   93.0,   97.7,    7.0,    2.3,     26,      5,      6,      0,     13,      0,      0,      0,.,      0,      0,      0,      0,     18,      8,    49.3,    76.6,    72.4,    97.7,    49.3,    76.6,    72.4,    97.7,($250 x S&P Select Sector Communication Index),13874P,CME ,138 ,F20,FutOnly
MICRO E-MINI S&P 500 INDEX - CHICAGO MERCANTILE EXCHANGE,260512,2026-05-12,13874U,CME ,00,138 ,  221994,    9690,    7305,       0,   31999,     219,    3566,   99863,   69032,    7055,       0,    2186,      55,  152228,   89418,   69766,  132576,    9150,    8041,  -21219,       0,   -3825,    -472,    -809,    -844,   39021,    4857,       0,       0,       0,    7420,   21378,    1730,  -12228,  100.0,    4.4,    3.3,    0.0,   14.4,    0.1,    1.6,   45.0,   31.1,    3.2,    0.0,    1.0,    0.0,   68.6,   40.3,   31.4,   59.7,     37,.,.,      0,     12,.,      4,      7,     11,      7,      0,.,.,     29,     20,    44.4,    26.4,    53.0,    33.6,    43.7,    25.1,    51.8,    31.9,($5 X S&P 500 INDEX),13874U,CME ,138 ,F20,FutOnly
ADJUSTED INT RATE S&P 500 TOTL - CHICAGO MERCANTILE EXCHANGE,260512,2026-05-12,13874W,CME ,00,138 ,  904855,  318155,  160043,  242316,    1634,  153872,    6200,  112705,  110314,  217938,       0,       0,       0,  898948,  890683,    5907,   14172,     759,    2836,   -2066,   -1119,       0,    2128,       0,   -3075,       0,    2741,       0,       0,       0,    1383,    1684,    -624,    -925,  100.0,   35.2,   17.7,   26.8,    0.2,   17.0,    0.7,   12.5,   12.2,   24.1,    0.0,    0.0,    0.0,   99.3,   98.4,    0.7,    1.6,     72,     15,     16,     25,.,      7,.,     15,      7,     28,      0,      0,      0,     57,     70,    30.8,    25.2,    53.0,    41.1,    25.3,    21.8,    38.9,    33.1,(S&P 500 TOTAL RETURN INDEX x $25),13874W,CME ,138 ,F20,FutOnly
NASDAQ-100 Consolidated - CHICAGO MERCANTILE EXCHANGE,260512,2026-05-12,20974+,CME ,00,209 ,  316227,   58146,   85491,   20562,  119492,   27848,    3560,   34649,  108386,   27120,    6373,    4241,      22,  269924,  277231,   46303,   38996,     806,    4467,  -10450,   -1225,     514,   -4477,    -137,   -3525,   13874,    1945,   -2714,    1506,     -13,    -689,    1022,    1495,    -216,  100.0,   18.4,   27.0,    6.5,   37.8,    8.8,    1.1,   11.0,   34.3,    8.6,    2.0,    1.3,    0.0,   85.4,   87.7,   14.6,   12.3,    326,     31,     26,     14,     84,     24,     33,     64,     63,     35,     16,     17,.,    236,    173,    17.7,    28.8,    29.9,    46.0,    14.8,    26.7,    24.6,    38.9,(NASDAQ 100 INDEX X $20),20974+,CME ,209 ,F20,FutOnly
NASDAQ MINI - CHICAGO MERCANTILE EXCHANGE,260512,2026-05-12,209742,CME ,00,209 ,  287752,   57252,  101254,    4346,  118058,   27840,    3539,   47277,   99319,   12484,    6150,    4046,       0,  249106,  252828,   38646,   34924,      95,    3834,  -12764,    1010,     625,   -4461,    -154,   -4667,   11275,    2706,   -2708,    1524,       0,     646,    -864,    -551,     959,  100.0,   19.9,   35.2,    1.5,   41.0,    9.7,    1.2,   16.4,   34.5,    4.3,    2.1,    1.4,    0.0,   86.6,   87.9,   13.4,   12.1,    281,     25,     25,      9,     77,     24,     31,     56,     53,     26,     11,     10,      0,    200,    147,    17.8,    29.3,    30.0,    45.8,    16.2,    29.3,    27.0,    45.0,(NASDAQ 100 STOCK INDEX X $20),209742,CME ,209 ,F20,FutOnly
MICRO E-MINI NASDAQ-100 INDEX - CHICAGO MERCANTILE EXCHANGE,260512,2026-05-12,209747,CME ,00,209 ,  284748,  171042,    4470,      54,   14509,     247,      42,   15443,  232402,    4634,    2228,    1953,     223,  208175,  244025,   76573,   40723,    7109,  -16019,     788,      -4,    -944,       9,       2,    3298,   17869,     512,     -59,    -185,    -132,  -13346,   18859,   20455,  -11750,  100.0,   60.1,    1.6,    0.0,    5.1,    0.1,    0.0,    5.4,   81.6,    1.6,    0.8,    0.7,    0.1,   73.1,   85.7,   26.9,   14.3,     72,      8,      6,.,     10,.,.,     15,     19,     10,      5,      8,.,     48,     41,    62.8,    76.6,    66.5,    80.1,    62.8,    75.1,    65.9,    78.5,(NASDAQ 100 STOCK INDEX x $2),209747,CME ,209 ,F20,FutOnly
RUSSELL E-MINI - CHICAGO MERCANTILE EXCHANGE,260512,2026-05-12,239742,CME ,00,239 ,  429290,  132570,   66447,    6003,  145013,  154361,   22851,   79980,  140611,    7117,   10584,    9856,       0,  404118,  407246,   25172,   22044,    1923,    4540,    3638,   -1133,    4476,   -1030,    -287,   -3980,    1297,   -1157,    -895,    1326,       0,    1564,    2654,     359,    -731,  100.0,   30.9,   15.5,    1.4,   33.8,   36.0,    5.3,   18.6,   32.8,    1.7,    2.5,    2.3,    0.0,   94.1,   94.9,    5.9,    5.1,    334,     34,     20,      7,     90,     53,     36,     39,     74,     28,      6,     18,      0,    208,    197,    19.0,    23.7,    32.0,    37.3,    19.0,    23.7,    30.3,    36.7,(RUSSEL 2000 INDEX X $50),239742,CME ,239 ,F20,FutOnly
EMINI RUSSELL 1000 VALUE INDEX - CHICAGO MERCANTILE EXCHANGE,260512,2026-05-12,239744,CME ,00,239 ,   31659,   21286,   11665,       0,    8385,   18513,       0,     210,     474,       0,       0,       0,       0,   29881,   30652,    1778,    1007,    -247,    -199,    -256,       0,     161,     -27,       0,     210,       7,       0,       0,       0,       0,     172,    -276,    -419,      29,  100.0,   67.2,   36.8,    0.0,   26.5,   58.5,    0.0,    0.7,    1.5,    0.0,    0.0,    0.0,    0.0,   94.4,   96.8,    5.6,    3.2,     26,      6,      5,      0,      7,      5,      0,.,.,      0,      0,      0,      0,     14,     12,    75.8,    87.5,    87.1,    93.5,    75.8,    87.5,    87.1,    93.5,(RUSSELL 1000 VALUE INDEX x $50),239744,CME ,239 ,F20,FutOnly
MICRO E-MINI RUSSELL 2000 INDX - CHICAGO MERCANTILE EXCHANGE,260512,2026-05-12,239747,CME ,00,239 ,   36125,    5987,    8707,       0,    7153,       0,       0,    9705,   17630,     494,       0,    1022,       0,   23339,   27853,   12786,    8272,   -2502,   -1636,   -2067,       0,    -276,       0,       0,    -482,    1147,    -184,       0,     400,       0,   -2578,    -704,      76,   -1798,  100.0,   16.6,   24.1,    0.0,   19.8,    0.0,    0.0,   26.9,   48.8,    1.4,    0.0,    2.8,    0.0,   64.6,   77.1,   35.4,   22.9,     31,.,.,      0,      6,      0,      0,      9,     10,      5,      0,.,      0,     21,     15,    46.2,    53.6,    55.6,    71.0,    46.2,    53.4,    55.6,    69.9,(RUSSEL 2000 INDEX X $0.5),239747,CME ,239 ,F20,FutOnly
RUSSELL 2000 ANNUAL DIVIDEND  - CHICAGO MERCANTILE EXCHANGE,260512,2026-05-12,239750,CME ,00,239 ,   42235,    1500,   31540,    2493,     220,       0,       0,   37651,    8133,      68,       0,       0,       0,   41932,   42234,     303,       1,     770,    -202,     155,       0,       0,       0,       0,     885,     620,      -5,       0,       0,       0,     678,     770,      92,       0,  100.0,    3.6,   74.7,    5.9,    0.5,    0.0,    0.0,   89.1,   19.3,    0.2,    0.0,    0.0,    0.0,   99.3,  100.0,    0.7,    0.0,     20,.,      9,.,.,      0,      0,      7,.,.,      0,      0,      0,     13,     11,    91.8,    86.2,    96.8,    97.3,    90.2,    81.9,    92.7,    92.3,(RUSSEL 2000 INDEX X $100),239750,CME ,239 ,F20,FutOnly
NIKKEI STOCK AVERAGE YEN DENOM - CHICAGO MERCANTILE EXCHANGE,260512,2026-05-12,240743,CME ,00,240 ,   33674,    8161,    8751,     290,    9464,    1771,     100,    9102,    6666,     279,       0,       0,       0,   27396,   17857,    6278,   15817,   -2337,   -1356,     -33,      81,      66,      -3,       3,   -1249,   -1467,    -140,    -770,       0,       0,   -3365,   -1559,    1028,    -778,  100.0,   24.2,   26.0,    0.9,   28.1,    5.3,    0.3,   27.0,   19.8,    0.8,    0.0,    0.0,    0.0,   81.4,   53.0,   18.6,   47.0,     47,      8,      7,.,      8,      4,.,     15,      5,      4,      0,      0,      0,     33,     21,    31.9,    35.6,    48.4,    45.3,    31.9,    35.6,    48.4,    44.4,(NIKKEI INDEX X JPY 500),240743,CME ,240 ,F20,FutOnly
MSCI EAFE  - ICE FUTURES U.S.,260512,2026-05-12,244041,ICUS,01,244 ,  451198,   37407,  248024,   15940,  313201,   91457,   41736,   27202,   43988,    1242,     764,    1494,       0,  437492,  443881,   13706,    7317,   -3083,     650,   -6880,    -826,    2475,    -942,     570,   -3522,    7060,   -1925,       0,     -13,       0,   -2578,   -2956,    -505,    -127,  100.0,    8.3,   55.0,    3.5,   69.4,   20.3,    9.3,    6.0,    9.7,    0.3,    0.2,    0.3,    0.0,   97.0,   98.4,    3.0,    1.6,    202,     16,     16,      6,     89,     34,     35,     21,     22,      7,.,.,      0,    148,    102,    22.7,    32.9,    36.1,    50.8,    20.0,    31.3,    31.0,    47.4,(MSCI EAFE INDEX X $50),244041,ICUS,244 ,F20,FutOnly
MSCI EM INDEX - ICE FUTURES U.S.,260512,2026-05-12,244042,ICUS,01,244 , 1136983,   80241,  599611,   14286,  693865,  269611,   84934,  175674,  103455,   12238,   41548,   42567,      21, 1102807, 1126723,   34176,   10260,   -2276,   -3078,  -21408,     672,  -31925,   16538,    5523,   18972,  -10962,    2363,     480,    4091,      -2,   -6995,   -3185,    4719,     909,  100.0,    7.1,   52.7,    1.3,   61.0,   23.7,    7.5,   15.5,    9.1,    1.1,    3.7,    3.7,    0.0,   97.0,   99.1,    3.0,    0.9,    403,     27,     23,     10,    188,     42,     72,     69,     31,     24,     16,      7,.,    327,    184,    16.4,    29.8,    24.3,    45.7,    16.4,    29.8,    23.9,    45.5,(MSCI Emerging Markets Index x $50),244042,ICUS,244 ,F20,FutOnly
E-MINI S&P 400 STOCK INDEX - CHICAGO MERCANTILE EXCHANGE,260512,2026-05-12,33874A,CME ,00,138 ,   38070,    4598,    8364,      82,   17218,   17474,    1343,    5656,    5609,       0,       0,       0,       0,   28897,   32872,    9173,    5198,     641,     333,     628,       3,    -351,    -627,     -92,     281,     269,    -141,    -207,       0,       0,    -174,      40,     815,     601,  100.0,   12.1,   22.0,    0.2,   45.2,   45.9,    3.5,   14.9,   14.7,    0.0,    0.0,    0.0,    0.0,   75.9,   86.3,   24.1,   13.7,     72,      6,      8,.,     27,     15,     11,      7,      9,      0,      0,      0,      0,     47,     37,    20.3,    31.5,    34.1,    50.5,    20.3,    31.3,    33.8,    50.3,(S&P 400 INDEX X $100),33874A,CME ,138 ,F20,FutOnly
S&P 500 ANNUAL DIVIDEND INDEX - CHICAGO MERCANTILE EXCHANGE,260512,2026-05-12,43874A,CME ,00,438 ,  360659,   44966,  286800,   14465,  100110,   13510,    1533,  166013,   14187,   28902,       0,       0,       0,  355989,  359397,    4670,    1262,   -4905,    -747,    -199,    -727,     692,    -132,     132,    -376,      74,   -3997,       0,       0,       0,   -5023,   -4849,     118,     -56,  100.0,   12.5,   79.5,    4.0,   27.8,    3.7,    0.4,   46.0,    3.9,    8.0,    0.0,    0.0,    0.0,   98.7,   99.7,    1.3,    0.3,     84,     13,     16,     14,     15,.,.,     30,      8,     11,      0,      0,      0,     69,     42,    24.9,    54.8,    39.9,    75.0,    24.9,    54.2,    39.9,    73.5,(S&P 500 ANNUAL DIVIDEND INDEX X $250),43874A,CME ,438 ,F20,FutOnly
S&P 500 QUARTERLY DIVIDEND IND - CHICAGO MERCANTILE EXCHANGE,260512,2026-05-12,43874Q,CME ,00,438 ,   48271,    6885,   15216,    6538,    1758,       0,       0,   32533,   25971,     541,       0,       0,       0,   48255,   48266,      16,       5,    1783,    1559,     840,    -539,       0,       0,       0,     686,    1421,      61,       0,       0,       0,    1767,    1783,      16,       0,  100.0,   14.3,   31.5,   13.5,    3.6,    0.0,    0.0,   67.4,   53.8,    1.1,    0.0,    0.0,    0.0,  100.0,  100.0,    0.0,    0.0,     31,      6,      8,      8,.,      0,      0,      7,      8,.,      0,      0,      0,     21,     21,    75.9,    67.7,    93.9,    88.5,    75.4,    67.1,    83.5,    80.0,(S&P 500 QUARTERLY DIVIDEND INDEX X $1000),43874Q,CME ,438 ,F20,FutOnly
UST BOND - CHICAGO BOARD OF TRADE,260512,2026-05-12,020601,CBT ,00,020 , 1837021,   28944,  280732,    5266, 1081513,  619771,  219555,  133746,  429942,   28071,  103213,  102941,       0, 1600308, 1686278,  236713,  150743,    7247,    7108,   19441,  -12504,    4053,  -15186,   -1356,   13665,   24388,   -4381,   -1085,    1150,       0,    5500,   11552,    1747,   -4305,  100.0,    1.6,   15.3,    0.3,   58.9,   33.7,   12.0,    7.3,   23.4,    1.5,    5.6,    5.6,    0.0,   87.1,   91.8,   12.9,    8.2,    245,      7,     26,      8,     87,     33,     70,     40,     35,     23,     10,      7,      0,    185,    161,    19.6,    33.3,    31.0,    45.0,    19.1,    30.9,    30.1,    41.5,"(CONTRACTS OF $100,000 FACE VALUE)",020601,CBT ,020 ,F30,FutOnly
ULTRA UST BOND - CHICAGO BOARD OF TRADE,260512,2026-05-12,020604,CBT ,00,020 , 2354986,    7951,  276589,   28525, 1601513,  456146,  371686,   77037,  950266,   47473,   41614,   30734,       0, 2175799, 2161419,  179187,  193567,   54908,   -1750,    1073,    6875,   28013,   20859,   -4104,   -5043,   -7397,   34016,   -2825,   -1069,       0,   55182,   50253,    -274,    4655,  100.0,    0.3,   11.7,    1.2,   68.0,   19.4,   15.8,    3.3,   40.4,    2.0,    1.8,    1.3,    0.0,   92.4,   91.8,    7.6,    8.2,    216,.,     15,      4,     92,     37,     66,     21,     39,     22,      6,      5,      0,    158,    150,    32.0,    31.4,    45.9,    46.4,    28.4,    30.3,    39.9,    44.4,"(CONTRACTS OF $100,000 FACE VALUE)",020604,CBT ,020 ,F30,FutOnly
UST 2Y NOTE - CHICAGO BOARD OF TRADE,260512,2026-05-12,042601,CBT ,00,042 , 4796510,  135532,  505060,   54752, 2737995,  621646,  524286,  407820, 2355649,  359166,  344764,  225609,    2437, 4566752, 4648605,  229758,  147905,   48515,    8335,   -3508,   13332,  -90691,   16288,   35668,   -6357,  -93003,   75039,   11739,    2082,      33,   47098,   45931,    1417,    2584,  100.0,    2.8,   10.5,    1.1,   57.1,   13.0,   10.9,    8.5,   49.1,    7.5,    7.2,    4.7,    0.1,   95.2,   96.9,    4.8,    3.1,    500,     36,     42,     16,    162,     57,     95,     63,     92,     58,     32,     16,      5,    367,    307,    21.4,    20.4,    30.4,    34.1,    19.0,    19.4,    26.4,    31.7,"(CONTRACTS OF $200,000 FACE VALUE)",042601,CBT ,042 ,F30,FutOnly
UST 10Y NOTE - CHICAGO BOARD OF TRADE,260512,2026-05-12,043602,CBT ,00,043 , 5866357,  195846,  603787,   87429, 3159930, 1039789,  659454,  378452, 2335394,  618669,  345463,  148145,     811, 5446054, 5493478,  420303,  372879,  497332,  -23449,  -12820,   42228,    9057,   26701,  -15328,   52948,    6042,  432255,   -2633,   -4502,     623,  495701,  475199,    1631,   22133,  100.0,    3.3,   10.3,    1.5,   53.9,   17.7,   11.2,    6.5,   39.8,   10.5,    5.9,    2.5,    0.0,   92.8,   93.6,    7.2,    6.4,    431,     23,     40,     21,    129,     63,    100,     57,     83,     59,     25,      9,.,    321,    293,    28.0,    19.9,    35.6,    29.5,    25.5,    18.8,    31.5,    27.9,"(CONTRACTS OF $100,000 FACE VALUE)",043602,CBT ,043 ,F30,FutOnly
ULTRA UST 10Y - CHICAGO BOARD OF TRADE,260512,2026-05-12,043607,CBT ,00,043 , 2487175,   64457,  312098,   27707, 1224221,  648625,  580711,  181728,  432183,   41749,  157567,  103663,       0, 2278140, 2146736,  209035,  340439,   66735,    6522,   -6509,   16469,  -20241,   14575,   12980,   28619,     193,   12286,    1255,    6258,       0,   57890,   56252,    8845,   10483,  100.0,    2.6,   12.5,    1.1,   49.2,   26.1,   23.3,    7.3,   17.4,    1.7,    6.3,    4.2,    0.0,   91.6,   86.3,    8.4,   13.7,    236,      9,     20,      9,     63,     67,     67,     20,     40,     24,      8,      9,      0,    162,    174,    24.6,    21.0,    37.7,    31.9,    16.3,    14.9,    27.2,    22.2,"(CONTRACTS OF $100,000 FACE VALUE)",043607,CBT ,043 ,F30,FutOnly
MICRO 10 YEAR YIELD - CHICAGO BOARD OF TRADE,260512,2026-05-12,04360Y,CBT ,00,043 ,    3020,       0,       0,       0,       0,       0,       0,    2335,     829,      38,     235,     957,       0,    2608,    1824,     412,    1196,     690,       0,       0,       0,       0,       0,       0,     858,     593,      -2,    -103,     -74,       0,     753,     517,     -63,     173,  100.0,    0.0,    0.0,    0.0,    0.0,    0.0,    0.0,   77.3,   27.5,    1.3,    7.8,   31.7,    0.0,   86.4,   60.4,   13.6,   39.6,     20,      0,      0,      0,      0,      0,      0,.,      4,.,.,     10,      0,      8,     14,    82.5,    35.5,    86.4,    51.3,    82.5,    34.8,    85.1,    50.0,(1000 x Index Points),04360Y,CBT ,043 ,F30,FutOnly
UST 5Y NOTE - CHICAGO BOARD OF TRADE,260512,2026-05-12,044601,CBT ,00,044 , 6769315,  112468,  661802,  126792, 4012823, 1298441,  849743,  505892, 2855097,  416928,  301489,  180759,    6004, 6332139, 6395566,  437176,  373749,  148384,  -17746,   20787,   18352,   19886,   51364,  -14578,   92666,   -8970,   39307,  -11754,   14389,    4813,  130946,  125464,   17438,   22920,  100.0,    1.7,    9.8,    1.9,   59.3,   19.2,   12.6,    7.5,   42.2,    6.2,    4.5,    2.7,    0.1,   93.5,   94.5,    6.5,    5.5,    447,     16,     40,     19,    145,     59,    101,     58,     87,     61,     26,     16,      6,    328,    306,    30.7,    20.2,    40.7,    31.1,    29.2,    19.4,    36.8,    29.6,"(CONTRACTS OF $100,000 FACE VALUE)",044601,CBT ,044 ,F30,FutOnly
FED FUNDS - CHICAGO BOARD OF TRADE,260512,2026-05-12,045601,CBT ,00,045 , 1779352,  302994,  350866,  543613,   16163,  152723,   47528,  288287,  135254,  521728,   21981,     700,       0, 1742294, 1752412,   37058,   26940,  184961,   45321,  -17363,   81531,  -12317,   28397,    6772,  -24150,   -5770,   91229,       0,     700,       0,  188386,  185496,   -3425,    -535,  100.0,   17.0,   19.7,   30.6,    0.9,    8.6,    2.7,   16.2,    7.6,   29.3,    1.2,    0.0,    0.0,   97.9,   98.5,    2.1,    1.5,    138,     29,     28,     48,      7,      6,      7,     39,     24,     47,      4,.,      0,    122,    118,    21.6,    27.3,    36.7,    42.6,    13.0,    15.7,    19.5,    21.6,"(CONTRACTS OF $5,000,000)",045601,CBT ,045 ,F33,FutOnly
EURO SHORT TERM RATE - CHICAGO MERCANTILE EXCHANGE,260512,2026-05-12,047745,CME ,00,047 ,   23168,   17041,    7638,    1917,     250,     610,       0,    1055,   10246,    2697,      99,       0,       0,   23059,   23108,     109,      60,    2574,    3770,     188,    -118,       0,     -60,       0,     -97,    3544,   -1027,       0,       0,       0,    2528,    2527,      46,      47,  100.0,   73.6,   33.0,    8.3,    1.1,    2.6,    0.0,    4.6,   44.2,   11.6,    0.4,    0.0,    0.0,   99.5,   99.7,    0.5,    0.3,     35,     13,      8,      8,.,.,      0,.,      7,      7,.,      0,      0,     25,     25,    66.2,    53.7,    79.9,    77.7,    65.4,    45.7,    74.9,    64.4,"(2,500 X CONTRACT GRADE IMM INDEX)",047745,CME ,047 ,F33,FutOnly
SOFR-3M - CHICAGO MERCANTILE EXCHANGE,260512,2026-05-12,134741,CME ,00,134 ,13320834, 3653383, 1934375, 1935101, 1198561, 1442622, 1166018, 1434714, 2965468, 3545151,  262848,  210002,   73505,13269281,13272242,   51553,   48592,  580911,  282922,  -63717,   48253,   -1077,  146830,   26818,  -55317,  132412,  262048,   10936,   27405,    1549,  576132,  581598,    4779,    -687,  100.0,   27.4,   14.5,   14.5,    9.0,   10.8,    8.8,   10.8,   22.3,   26.6,    2.0,    1.6,    0.6,   99.6,   99.6,    0.4,    0.4,    892,     86,     99,    141,     47,     91,     66,    127,    174,    188,    146,     76,     47,    667,    667,    17.9,    17.2,    29.1,    27.4,    15.4,     9.3,    23.0,    15.1,"($2,500 x Contract IMM Index)",134741,CME ,134 ,F33,FutOnly
SOFR-1M - CHICAGO MERCANTILE EXCHANGE,260512,2026-05-12,134742,CME ,00,134 , 1325406,  498618,  270606,  218305,  119372,   30799,   49682,  106581,  420481,  330417,     526,    3208,      30, 1323531, 1323528,    1875,    1878,  172310,    9854,   18454,   48148,   31079,  -11183,    7088,   -6825,   26811,   82340,     145,     133,     -11,  171818,  171780,     492,     530,  100.0,   37.6,   20.4,   16.5,    9.0,    2.3,    3.7,    8.0,   31.7,   24.9,    0.0,    0.2,    0.0,   99.9,   99.9,    0.1,    0.1,    194,     44,     38,     55,      5,     10,      6,     29,     56,     55,      5,      6,.,    138,    173,    32.0,    25.1,    46.3,    43.3,    21.6,    19.8,    31.3,    32.9,"($4,167 x Contract IMM Index)",134742,CME ,134 ,F33,FutOnly
BBG COMMODITY - CHICAGO BOARD OF TRADE,260512,2026-05-12,221602,CBT ,00,221 ,  245691,  129888,  237924,       0,  100426,     895,    1365,   12180,    5448,      28,    1276,       0,       0,  245163,  245660,     528,      31,   -4069,      42,   -5497,       0,   -3749,     -77,       0,    -264,    1571,     -44,     -55,       0,       0,   -4070,   -4047,       1,     -22,  100.0,   52.9,   96.8,    0.0,   40.9,    0.4,    0.6,    5.0,    2.2,    0.0,    0.5,    0.0,    0.0,   99.8,  100.0,    0.2,    0.0,     80,      7,      6,      0,     30,.,.,     13,      6,.,     16,      0,      0,     66,     17,    75.4,    94.0,    83.8,    98.3,    75.0,    94.0,    83.3,    98.3,($100 X INDEX),221602,CBT ,221 ,F40,FutOnly
BLOOMBERG HY CREDIT FUTURES - CHICAGO BOARD OF TRADE,260512,2026-05-12,221605,CBT ,00,221 ,    5863,     198,       0,       0,     741,    3807,     420,    4267,    1189,     170,       0,      62,       0,    5796,    5648,      67,     215,      81,    -114,       0,       0,     122,       0,       0,      21,      -3,      34,       0,       0,       0,      63,      31,      18,      50,  100.0,    3.4,    0.0,    0.0,   12.6,   64.9,    7.2,   72.8,   20.3,    2.9,    0.0,    1.1,    0.0,   98.9,   96.3,    1.1,    3.7,     21,.,      0,      0,      4,.,.,.,      8,.,      0,.,      0,     10,     14,    85.8,    84.9,    96.0,    92.4,    80.9,    76.1,    88.8,    83.1,($150 X INDEX),221605,CBT ,221 ,F40,FutOnly
BLOOMBERG IG CREDIT FUTURES - CHICAGO BOARD OF TRADE,260512,2026-05-12,221606,CBT ,00,221 ,    7387,    3375,      61,       1,    1229,    6171,       0,    2649,     957,     109,       0,       0,       0,    7363,    7299,      24,      88,    -537,     -48,       0,       0,    -140,    -485,       0,    -357,     -69,      10,       0,       0,       0,    -535,    -544,      -2,       7,  100.0,   45.7,    0.8,    0.0,   16.6,   83.5,    0.0,   35.9,   13.0,    1.5,    0.0,    0.0,    0.0,   99.7,   98.8,    0.3,    1.2,     21,.,.,.,      5,.,      0,      5,      5,.,      0,      0,      0,     13,     11,    80.6,    90.7,    96.9,    97.1,    80.1,    90.7,    95.6,    96.5,($30 X INDEX),221606,CBT ,221 ,F40,FutOnly
2 YEAR ERIS SOFR SWAP - CHICAGO BOARD OF TRADE,260512,2026-05-12,342603,CBT ,00,342 ,  111851,    2107,   12195,     657,   64750,   11095,       0,    7333,   29825,   35428,    1546,   22617,      30,  111851,  111847,       0,       4,   -1074,     -90,       0,       0,       0,    -738,       0,    -211,     486,    -772,       0,     -50,       0,   -1073,   -1074,      -1,       0,  100.0,    1.9,   10.9,    0.6,   57.9,    9.9,    0.0,    6.6,   26.7,   31.7,    1.4,   20.2,    0.0,  100.0,  100.0,    0.0,    0.0,     48,.,.,.,.,      6,      0,.,     10,.,      7,     17,.,     16,     37,    97.1,    57.7,    98.8,    77.5,    66.0,    32.0,    67.3,    50.1,"(100,000 USD notional principal)",342603,CBT ,342 ,F50,FutOnly
10 YEAR ERIS SOFR SWAP - CHICAGO BOARD OF TRADE,260512,2026-05-12,343603,CBT ,00,343 ,  228975,   28427,    8066,   31172,   13541,    8051,       0,    8170,  129186,   29638,  117915,   22728,     112,  228975,  228953,       0,      22,    -631,    -215,      -1,       0,    -150,     260,       0,       0,   -2989,      -1,    -265,    2100,       0,    -631,    -631,       0,       0,  100.0,   12.4,    3.5,   13.6,    5.9,    3.5,    0.0,    3.6,   56.4,   12.9,   51.5,    9.9,    0.0,  100.0,  100.0,    0.0,    0.0,     54,      6,.,      4,      5,.,      0,.,      6,.,     21,      7,.,     39,     22,    46.4,    75.4,    69.8,    95.1,    38.0,    61.7,    53.7,    72.0,"(100,000 USD notional principal)",343603,CBT ,343 ,F50,FutOnly
5 YEAR ERIS SOFR SWAP - CHICAGO BOARD OF TRADE,260512,2026-05-12,344605,CBT ,00,344 ,  187396,   30545,   14679,    5548,   50944,   36424,       0,    6048,   68136,   29612,   59413,   27654,    5276,  187386,  187329,      10,      67,   -2905,    -635,   -1660,     230,       0,    2036,       0,      53,   -1974,   -3128,     575,    1591,       0,   -2905,   -2905,       0,       0,  100.0,   16.3,    7.8,    3.0,   27.2,   19.4,    0.0,    3.2,   36.4,   15.8,   31.7,   14.8,    2.8,  100.0,  100.0,    0.0,    0.0,     67,      7,.,.,.,      8,      0,      4,     11,.,     14,     18,.,     30,     44,    66.0,    55.2,    84.5,    74.5,    62.5,    43.0,    70.5,    59.8,"(100,000 USD notional principal)",344605,CBT ,344 ,F50,FutOnly
3 YEAR ERIS SOFR SWAP - CHICAGO BOARD OF TRADE,260512,2026-05-12,344606,CBT ,00,344 ,   95530,       0,   27875,    1289,   84000,    4220,       0,    2111,   46445,    8120,       0,    7550,      10,   95530,   95509,       0,      21,     748,       0,       0,       0,       0,       0,       0,     231,    -474,     537,       0,     685,       0,     768,     748,     -20,       0,  100.0,    0.0,   29.2,    1.3,   87.9,    4.4,    0.0,    2.2,   48.6,    8.5,    0.0,    7.9,    0.0,  100.0,  100.0,    0.0,    0.0,     25,      0,.,.,.,.,      0,.,      6,.,      0,     10,.,      8,     23,    99.6,    80.3,   100.0,    96.8,    90.1,    76.1,    90.1,    87.9,"100,000 USD notional principal",344606,CBT ,344 ,F50,FutOnly
7 YEAR ERIS SOFR SWAP - CHICAGO BOARD OF TRADE,260512,2026-05-12,344607,CBT ,00,344 ,   39321,    2825,   14329,    3727,    9000,    4573,       0,    5380,      94,   12294,    6082,    4288,       0,   39308,   39305,      13,      16,     198,     113,       0,    -113,       0,     113,       0,    1071,    -101,    -623,    -250,     922,       0,     198,     198,       0,       0,  100.0,    7.2,   36.4,    9.5,   22.9,   11.6,    0.0,   13.7,    0.2,   31.3,   15.5,   10.9,    0.0,  100.0,  100.0,    0.0,    0.0,     21,.,.,.,.,.,      0,.,.,.,      4,      6,      0,     10,     15,    77.4,    73.9,    99.0,    96.3,    46.5,    53.6,    58.8,    58.3,"100,000 USD notional principal",344607,CBT ,344 ,F50,FutOnly
"LITECOIN PERP STYLE - COINBASE DERIVATIVES, LLC",260512,2026-05-12,167LM1,FREX,00,180 ,    3015,       0,       0,       0,       0,       0,       0,     739,    2589,       0,    1841,     279,       0,    2580,    2868,     435,     147,    -197,       0,       0,       0,       0,       0,       0,    -326,    -151,       0,      88,     -64,       0,    -238,    -215,      41,      18,  100.0,    0.0,    0.0,    0.0,    0.0,    0.0,    0.0,   24.5,   85.9,    0.0,   61.1,    9.3,    0.0,   85.6,   95.1,   14.4,    4.9,     36,      0,      0,      0,      0,      0,      0,.,.,      0,     27,.,      0,     30,      6,    37.6,    92.4,    52.6,    95.1,    37.6,    92.4,    52.6,    95.1,(5 Litecoin),167LM1,FREX,180 ,F84,FutOnly
"DOGECOIN - COINBASE DERIVATIVES, LLC",260512,2026-05-12,168DC1,FREX,00,180 ,   22266,   21040,       0,       0,       0,       0,       0,     732,   21995,       0,     332,     227,       0,   22104,   22222,     162,      44,.,.,.,.,.,.,.,.,.,.,.,.,.,.,.,.,.,  100.0,   94.5,    0.0,    0.0,    0.0,    0.0,    0.0,    3.3,   98.8,    0.0,    1.5,    1.0,    0.0,   99.3,   99.8,    0.7,    0.2,     20,.,      0,      0,      0,      0,      0,      4,      7,      0,      5,.,      0,     10,     10,    98.0,    93.4,    99.0,    99.2,    98.0,    93.4,    99.0,    99.2,"(5,000 Dogecoin X $0.12 = Contract $600)",168DC1,FREX,180 ,F84,FutOnly
"POLKADOT PERP STYLE - COINBASE DERIVATIVES, LLC",260512,2026-05-12,169LM2,FREX,00,180 ,    2055,       0,       0,       0,       0,       0,       0,      59,    1644,       0,    1466,     302,       0,    1525,    1946,     530,     109,       2,       0,       0,       0,       0,       0,       0,      59,    -149,       0,      96,     121,       0,     155,     -28,    -153,      30,  100.0,    0.0,    0.0,    0.0,    0.0,    0.0,    0.0,    2.9,   80.0,    0.0,   71.3,   14.7,    0.0,   74.2,   94.7,   25.8,    5.3,     31,      0,      0,      0,      0,      0,      0,.,.,      0,     21,      6,      0,     22,      9,    19.5,    85.8,    38.9,    93.4,    19.5,    85.8,    38.9,    93.4,(100 Polkadot),169LM2,FREX,180 ,F84,FutOnly
"CHAINLINK PERP STYLE - COINBASE DERIVATIVES, LLC",260512,2026-05-12,170LM2,FREX,00,180 ,    3505,       0,       0,       0,       0,       0,       0,     599,    1906,       0,    1990,    1343,       0,    2589,    3249,     916,     256,     738,       0,       0,       0,       0,       0,       0,     263,     602,       0,     273,     118,       0,     536,     720,     202,      18,  100.0,    0.0,    0.0,    0.0,    0.0,    0.0,    0.0,   17.1,   54.4,    0.0,   56.8,   38.3,    0.0,   73.9,   92.7,   26.1,    7.3,     56,      0,      0,      0,      0,      0,      0,.,.,      0,     33,     18,      0,     36,     20,    25.7,    63.7,    37.1,    76.5,    25.7,    63.7,    37.1,    76.5,(50 Chainlink),170LM2,FREX,180 ,F84,FutOnly
"AVALANCHE PERP STYLE - COINBASE DERIVATIVES, LLC",260512,2026-05-12,171LM2,FREX,00,180 ,    4402,       0,       0,       0,       0,       0,       0,     329,    2636,       0,    3227,    1597,       0,    3556,    4233,     846,     169,    -283,       0,       0,       0,       0,       0,       0,    -421,    -361,       0,     123,      63,       0,    -298,    -298,      15,      15,  100.0,    0.0,    0.0,    0.0,    0.0,    0.0,    0.0,    7.5,   59.9,    0.0,   73.3,   36.3,    0.0,   80.8,   96.2,   19.2,    3.8,     59,      0,      0,      0,      0,      0,      0,.,.,      0,     37,     16,      0,     40,     19,    18.2,    71.0,    36.3,    83.8,    18.2,    71.0,    36.3,    83.8,(10 Avalanche),171LM2,FREX,180 ,F84,FutOnly
"1K SHIB PERP - COINBASE DERIVATIVES, LLC",260512,2026-05-12,172LM2,FREX,00,180 ,    3342,       0,       0,       0,       0,       0,       0,    1967,    2999,       0,     775,     262,       0,    2742,    3261,     600,      81,    1633,       0,       0,       0,       0,       0,       0,    1669,    1678,       0,     -93,     -17,       0,    1576,    1661,      57,     -28,  100.0,    0.0,    0.0,    0.0,    0.0,    0.0,    0.0,   58.9,   89.7,    0.0,   23.2,    7.8,    0.0,   82.0,   97.6,   18.0,    2.4,     23,      0,      0,      0,      0,      0,      0,.,.,      0,     15,      4,      0,     18,      5,    62.4,    96.7,    72.2,    97.6,    62.4,    96.7,    72.2,    97.6,"(10,000 x 1k Shib Index)",172LM2,FREX,180 ,F84,FutOnly
"STELLAR PERP STYLE - COINBASE DERIVATIVES, LLC",260512,2026-05-12,173LM2,FREX,00,180 ,    1645,       0,       0,       0,       0,       0,       0,      31,    1323,       0,    1139,     279,       0,    1170,    1602,     475,      43,    -107,       0,       0,       0,       0,       0,       0,      31,      -3,       0,    -153,     -46,       0,    -122,     -49,      15,     -58,  100.0,    0.0,    0.0,    0.0,    0.0,    0.0,    0.0,    1.9,   80.4,    0.0,   69.2,   17.0,    0.0,   71.1,   97.4,   28.9,    2.6,     27,      0,      0,      0,      0,      0,      0,.,.,      0,     18,      6,      0,     19,      8,    24.3,    89.5,    43.4,    97.4,    24.3,    89.5,    43.4,    97.4,(5000 Stellar),173LM2,FREX,180 ,F84,FutOnly
"SUI PERP STYLE - COINBASE DERIVATIVES, LLC",260512,2026-05-12,180LM3,FREX,00,180 ,    2927,       0,       0,       0,       0,       0,       0,     972,    1530,       0,    1056,     980,       0,    2028,    2510,     899,     417,     -67,       0,       0,       0,       0,       0,       0,      53,    -664,       0,    -336,     453,       0,    -283,    -211,     216,     144,  100.0,    0.0,    0.0,    0.0,    0.0,    0.0,    0.0,   33.2,   52.3,    0.0,   36.1,   33.5,    0.0,   69.3,   85.8,   30.7,   14.2,     52,      0,      0,      0,      0,      0,      0,.,.,      0,     26,     23,      0,     28,     24,    37.4,    57.4,    44.3,    64.2,    37.4,    57.4,    44.3,    64.2,(500 x SUI),180LM3,FREX,180 ,F84,FutOnly
"HEDERA PERP STYLE - COINBASE DERIVATIVES, LLC",260512,2026-05-12,180LM4,FREX,00,180 ,    1506,       0,       0,       0,       0,       0,       0,       0,     906,       0,     810,     458,       0,     810,    1364,     696,     142,     497,       0,       0,       0,       0,       0,       0,       0,     534,       0,     385,     -25,       0,     385,     509,     112,     -12,  100.0,    0.0,    0.0,    0.0,    0.0,    0.0,    0.0,    0.0,   60.2,    0.0,   53.8,   30.4,    0.0,   53.8,   90.6,   46.2,    9.4,     31,      0,      0,      0,      0,      0,      0,      0,.,      0,     18,     10,      0,     18,     13,    13.3,    64.5,    26.6,    77.8,    13.3,    64.5,    26.6,    77.8,(5000 Hedera),180LM4,FREX,180 ,F84,FutOnly
"ONDO PERP STYLE - COINBASE DERIVATIVES, LLC",260512,2026-05-12,180LM8,FREX,00,180 ,    2985,       0,       0,       0,       0,       0,       0,      58,    1593,       0,    2253,    1056,       0,    2311,    2649,     674,     336,    1329,       0,       0,       0,       0,       0,       0,      58,     837,       0,    1094,     529,       0,    1152,    1366,     177,     -37,  100.0,    0.0,    0.0,    0.0,    0.0,    0.0,    0.0,    1.9,   53.4,    0.0,   75.5,   35.4,    0.0,   77.4,   88.7,   22.6,   11.3,     61,      0,      0,      0,      0,      0,      0,.,.,      0,     36,     21,      0,     37,     24,    13.4,    61.0,    26.8,    69.7,    13.4,    61.0,    26.8,    69.7,"(1,000 ONDO)",180LM8,FREX,180 ,F84,FutOnly
"ZCASH PERP STYLE - COINBASE DERIVATIVES, LLC",260512,2026-05-12,180LMB,FREX,00,180 ,    2709,       0,       0,       0,       0,       0,       0,     132,       0,       0,    1799,    2184,       0,    1931,    2184,     778,     525,    -272,       0,       0,       0,       0,       0,       0,    -496,       0,       0,      37,     -93,       0,    -459,     -93,     187,    -179,  100.0,    0.0,    0.0,    0.0,    0.0,    0.0,    0.0,    4.9,    0.0,    0.0,   66.4,   80.6,    0.0,   71.3,   80.6,   28.7,   19.4,     67,      0,      0,      0,      0,      0,      0,.,      0,      0,     29,     37,      0,     30,     37,    17.2,    14.8,    32.0,    29.1,    17.2,    14.8,    32.0,    29.1,(1 Zcash),180LMB,FREX,180 ,F84,FutOnly
BITCOIN - CHICAGO MERCANTILE EXCHANGE,260512,2026-05-12,133741,CME ,00,133 ,   23535,    6135,    2254,    1242,    7097,    1297,     510,    4347,   15417,    1473,     782,     294,       0,   21586,   22487,    1949,    1048,     133,    -756,    -168,     330,       1,     388,    -101,     199,    -469,     269,    -574,     -78,       0,    -632,     171,     765,     -38,  100.0,   26.1,    9.6,    5.3,   30.2,    5.5,    2.2,   18.5,   65.5,    6.3,    3.3,    1.2,    0.0,   91.7,   95.5,    8.3,    4.5,    127,      9,     11,      6,     11,      8,      4,     19,     56,     20,      6,      4,      0,     67,     90,    62.7,    25.9,    72.5,    41.3,    60.8,    23.7,    67.7,    37.7,(5 Bitcoins),133741,CME ,133 ,F85,FutOnly
MICRO BITCOIN - CHICAGO MERCANTILE EXCHANGE,260512,2026-05-12,133742,CME ,00,133 ,   23443,     743,    4005,       0,    1005,     608,       0,    8668,   11982,     813,    5875,    3517,       0,   17104,   20925,    6339,    2518,   -3714,    -305,   -4085,       0,     -29,    -115,       0,    -112,    4161,   -2768,    -410,    -895,      -6,   -3630,   -3708,     -84,      -6,  100.0,    3.2,   17.1,    0.0,    4.3,    2.6,    0.0,   37.0,   51.1,    3.5,   25.1,   15.0,    0.0,   73.0,   89.3,   27.0,   10.7,    209,      5,      6,      0,      5,      6,      0,     36,     21,     11,     87,     43,      0,    140,     80,    26.9,    48.7,    36.0,    62.2,    26.9,    46.9,    36.0,    60.1,(Bitcoin X $0.10),133742,CME ,133 ,F85,FutOnly
"Nano Bitcoin  - COINBASE DERIVATIVES, LLC",260512,2026-05-12,133LM1,FREX,00,133 ,   41976,       0,       0,       0,       0,       0,       0,   15431,   30029,     439,   24123,   10231,       0,   39993,   40699,    1983,    1277,   -2103,       0,       0,       0,       0,       0,       0,   -5152,    2851,     418,    2303,   -5049,       0,   -2431,   -1780,     328,    -323,  100.0,    0.0,    0.0,    0.0,    0.0,    0.0,    0.0,   36.8,   71.5,    1.0,   57.5,   24.4,    0.0,   95.3,   97.0,    4.7,    3.0,    173,      0,      0,      0,      0,      0,      0,      9,      4,.,     87,     73,      0,     96,     79,    56.8,    75.9,    65.5,    82.0,    56.0,    75.9,    64.7,    82.0,(1/100 X Bitcoin = $300),133LM1,FREX,133 ,F85,FutOnly
"NANO BITCOIN PERP STYLE - COINBASE DERIVATIVES, LLC",260512,2026-05-12,133LM4,FREX,00,133 ,  193053,       0,     876,       0,       0,       0,       0,   80276,   25171,       0,  100819,  159419,       0,  181095,  185466,   11958,    7587,  -56254,       0,     682,       0,       0,       0,       0,  -71790,  -33160,       0,   15123,  -23003,       0,  -56667,  -55481,     413,    -773,  100.0,    0.0,    0.5,    0.0,    0.0,    0.0,    0.0,   41.6,   13.0,    0.0,   52.2,   82.6,    0.0,   93.8,   96.1,    6.2,    3.9,   1266,      0,.,      0,      0,      0,      0,     12,      8,      0,    597,    647,      0,    609,    657,    44.2,    16.8,    52.3,    25.3,    44.2,    16.8,    52.3,    25.3,(1/100 X Bitcoin),133LM4,FREX,133 ,F85,FutOnly
ETHER CASH SETTLED - CHICAGO MERCANTILE EXCHANGE,260512,2026-05-12,146021,CME ,00,146 ,   31749,   15547,    7231,    2499,    2639,    3175,     998,    4372,   14776,    1995,      37,     503,       0,   28087,   31177,    3662,     572,    1341,   -3489,     -28,      51,    -746,    1150,    -206,    2042,   -1147,    1045,    -207,     420,       0,   -1510,    1285,    2851,      56,  100.0,   49.0,   22.8,    7.9,    8.3,   10.0,    3.1,   13.8,   46.5,    6.3,    0.1,    1.6,    0.0,   88.5,   98.2,   11.5,    1.8,     94,      4,      9,.,      6,     10,      4,     18,     41,     15,.,.,      0,     44,     72,    68.8,    37.8,    79.6,    55.0,    63.6,    31.6,    67.1,    45.7,(50 Index Points),146021,CME ,146 ,F85,FutOnly
MICRO ETHER  - CHICAGO MERCANTILE EXCHANGE,260512,2026-05-12,146022,CME ,00,146 ,   44378,    1597,    1333,       0,    1530,    3881,     126,   15661,   30211,    2695,   19523,    5544,      20,   41152,   43810,    3226,     568,    7088,    1242,    -598,       0,     223,   -1280,     126,    4377,    4084,    2432,   -2243,    2293,      10,    6167,    7067,     921,      21,  100.0,    3.6,    3.0,    0.0,    3.4,    8.7,    0.3,   35.3,   68.1,    6.1,   44.0,   12.5,    0.0,   92.7,   98.7,    7.3,    1.3,    235,.,.,      0,.,      4,.,     17,     19,      5,    152,     36,.,    177,     65,    27.7,    56.3,    40.8,    72.9,    26.0,    50.9,    37.9,    67.5,(0.1 Index Points),146022,CME ,146 ,F85,FutOnly
"NANO ETHER - COINBASE DERIVATIVES, LLC",260512,2026-05-12,146LM1,FREX,00,146 ,   55967,       0,       0,       0,       0,       0,       0,   10422,   50755,      22,   44159,    4760,       0,   54603,   55537,    1364,     430,    5245,       0,       0,       0,       0,       0,       0,    4469,    7084,      22,     656,   -1918,       0,    5147,    5188,      98,      57,  100.0,    0.0,    0.0,    0.0,    0.0,    0.0,    0.0,   18.6,   90.7,    0.0,   78.9,    8.5,    0.0,   97.6,   99.2,    2.4,    0.8,    159,      0,      0,      0,      0,      0,      0,      7,      8,.,    110,     34,      0,    118,     43,    41.5,    90.6,    59.5,    93.8,    41.5,    90.6,    59.4,    93.8,"(0.1 Ether or 1/10 X$2,000 = $200)",146LM1,FREX,146 ,F85,FutOnly
"NANO ETHER PERP STYLE - COINBASE DERIVATIVES, LLC",260512,2026-05-12,146LM3,FREX,00,146 ,  193477,       0,     105,       0,       0,       0,       0,   13439,  113994,       0,  169842,   77064,      12,  183293,  191175,   10184,    2302,   10284,       0,     -12,       0,       0,       0,       0,  -33847,   45805,       0,   43113,  -34861,      -6,    9260,   10926,    1024,    -642,  100.0,    0.0,    0.1,    0.0,    0.0,    0.0,    0.0,    6.9,   58.9,    0.0,   87.8,   39.8,    0.0,   94.7,   98.8,    5.3,    1.2,    940,      0,.,      0,      0,      0,      0,      9,     15,      0,    684,    231,.,    694,    247,    16.1,    47.0,    22.9,    61.2,    16.1,    47.0,    22.9,    61.2,(1/10 X Ether),146LM3,FREX,146 ,F85,FutOnly
"DOGECOIN PERP STYLE - COINBASE DERIVATIVES, LLC",260512,2026-05-12,168LM2,FREX,00,168 ,    3235,       0,       0,       0,       0,       0,       0,    1122,    2636,       0,    1047,     323,       0,    2169,    2959,    1066,     276,    -636,       0,       0,       0,       0,       0,       0,    -956,    -197,       0,     215,    -386,       0,    -741,    -583,     105,     -53,  100.0,    0.0,    0.0,    0.0,    0.0,    0.0,    0.0,   34.7,   81.5,    0.0,   32.4,   10.0,    0.0,   67.0,   91.5,   33.0,    8.5,     30,      0,      0,      0,      0,      0,      0,.,.,      0,     18,      7,      0,     21,      9,    37.8,    86.5,    49.5,    90.7,    37.8,    86.5,    49.5,    90.7,"(5,000 Dogecoin)",168LM2,FREX,168 ,F85,FutOnly
"CARDONA PERP STYLE - COINBASE DERIVATIVES, LLC",260512,2026-05-12,174LM2,FREX,00,174 ,    4741,       0,       0,       0,       0,       0,       0,     324,    3431,       0,    3121,    1098,       0,    3445,    4529,    1296,     212,    -885,       0,       0,       0,       0,       0,       0,    -807,    -693,       0,    -129,    -235,       0,    -936,    -928,      51,      43,  100.0,    0.0,    0.0,    0.0,    0.0,    0.0,    0.0,    6.8,   72.4,    0.0,   65.8,   23.2,    0.0,   72.7,   95.5,   27.3,    4.5,     56,      0,      0,      0,      0,      0,      0,.,.,      0,     42,     10,      0,     44,     12,    17.2,    80.8,    31.0,    91.2,    17.2,    80.8,    31.0,    91.2,"(1,000 Cardano)",174LM2,FREX,174 ,F85,FutOnly
XRP - CHICAGO MERCANTILE EXCHANGE,260512,2026-05-12,176740,CME ,00,176 ,    7849,    5345,    2448,     141,     885,     963,       0,     963,    3547,     144,       0,     286,       0,    7478,    7529,     371,     320,     394,     -49,     363,     -11,      48,      34,       0,     117,      38,      14,       0,       0,       0,     119,     438,     275,     -44,  100.0,   68.1,   31.2,    1.8,   11.3,   12.3,    0.0,   12.3,   45.2,    1.8,    0.0,    3.6,    0.0,   95.3,   95.9,    4.7,    4.1,     33,      4,.,.,.,.,      0,      7,     13,.,      0,.,      0,     14,     22,    79.0,    48.1,    91.4,    69.0,    79.0,    46.3,    90.0,    67.2,"(Contracts of 50,000 XRP)",176740,CME ,176 ,F85,FutOnly
"NANO XRP - COINBASE DERIVATIVES, LLC",260512,2026-05-12,176LM1,FREX,00,176 ,   40450,       0,       0,       0,       0,       0,       0,   37163,   39368,       0,    2632,     879,       0,   39795,   40247,     655,     203,    -284,       0,       0,       0,       0,       0,       0,   -1128,    -304,       0,     699,      18,       0,    -429,    -286,     145,       2,  100.0,    0.0,    0.0,    0.0,    0.0,    0.0,    0.0,   91.9,   97.3,    0.0,    6.5,    2.2,    0.0,   98.4,   99.5,    1.6,    0.5,     38,      0,      0,      0,      0,      0,      0,.,      6,      0,     23,      7,      0,     25,     13,    94.0,    96.1,    95.9,    98.4,    94.0,    96.1,    95.9,    98.4,(500 XRP x $2.00 = $1000),176LM1,FREX,176 ,F85,FutOnly
"NANO XRP PERP STYLE - COINBASE DERIVATIVES, LLC",260512,2026-05-12,176LM3,FREX,00,176 ,   22431,       0,       0,       0,       0,       0,       0,     413,   18553,       0,   17138,    3447,       0,   17551,   22000,    4880,     431,     927,       0,       0,       0,       0,       0,       0,   -3213,    2294,       0,    4089,   -1381,       0,     876,     913,      51,      14,  100.0,    0.0,    0.0,    0.0,    0.0,    0.0,    0.0,    1.8,   82.7,    0.0,   76.4,   15.4,    0.0,   78.2,   98.1,   21.8,    1.9,    220,      0,      0,      0,      0,      0,      0,.,      8,      0,    176,     34,      0,    178,     42,    12.0,    79.2,    19.9,    87.0,    12.0,    79.2,    19.9,    87.0,(500 XRP x $2.00 = $1000),176LM3,FREX,176 ,F85,FutOnly
SOL - CHICAGO MERCANTILE EXCHANGE,260512,2026-05-12,177741,CME ,00,177 ,   12418,    9343,    5018,     105,    1055,    1769,       0,     428,    4916,     181,      35,       0,       0,   11147,   11989,    1271,     429,     -56,    -551,     -24,     105,     206,      -6,     -36,    -988,    -388,     118,       0,       0,       0,   -1146,    -231,    1090,     175,  100.0,   75.2,   40.4,    0.8,    8.5,   14.2,    0.0,    3.4,   39.6,    1.5,    0.3,    0.0,    0.0,   89.8,   96.5,   10.2,    3.5,     42,.,.,.,.,.,      0,      8,     21,.,.,      0,      0,     18,     28,    83.9,    54.0,    86.8,    76.1,    83.3,    52.1,    85.7,    74.0,(500 SOL- CME CF Solana - Dollar Reference Rate),177741,CME ,177 ,F85,FutOnly
MICRO SOL - CHICAGO MERCANTILE EXCHANGE,260512,2026-05-12,177742,CME ,00,177 ,    2169,       0,      58,       0,       0,       0,       0,     788,    1865,      25,     888,      78,       0,    1701,    2026,     468,     143,.,.,.,.,.,.,.,.,.,.,.,.,.,.,.,.,.,  100.0,    0.0,    2.7,    0.0,    0.0,    0.0,    0.0,   36.3,   86.0,    1.2,   40.9,    3.6,    0.0,   78.4,   93.4,   21.6,    6.6,     22,      0,.,      0,      0,      0,      0,.,      7,.,     10,.,      0,     14,      9,    61.4,    79.7,    70.7,    91.7,    61.4,    79.6,    70.7,    90.5,"(25 SOL, defined by CME CF Solana-Dollar Reference Rate)",177742,CME ,177 ,F85,FutOnly
"NANO SOLANA - COINBASE DERIVATIVES, LLC",260512,2026-05-12,177LM1,FREX,00,177 ,   13013,       0,       0,       0,       0,       0,       0,    7958,   12185,       0,    4533,     620,       0,   12491,   12805,     522,     208,      24,       0,       0,       0,       0,       0,       0,   -1028,     525,       0,    1171,    -555,       0,     143,     -30,    -119,      54,  100.0,    0.0,    0.0,    0.0,    0.0,    0.0,    0.0,   61.2,   93.6,    0.0,   34.8,    4.8,    0.0,   96.0,   98.4,    4.0,    1.6,     41,      0,      0,      0,      0,      0,      0,.,      9,      0,     24,      7,      0,     25,     16,    79.0,    86.5,    88.6,    94.1,    79.0,    86.5,    88.6,    94.1,(5 Solana x $250 = $1250),177LM1,FREX,177 ,F85,FutOnly
"NANO SOLANA PERP STYLE - COINBASE DERIVATIVES, LLC",260512,2026-05-12,177LM3,FREX,00,177 ,   38046,       0,       0,       0,       0,       0,       0,    4833,   21994,       0,   24005,   11080,       0,   28838,   33074,    9208,    4972,     -60,       0,       0,       0,       0,       0,       0,    1998,    -107,       0,     -62,    1765,       0,    1936,    1658,   -1996,   -1718,  100.0,    0.0,    0.0,    0.0,    0.0,    0.0,    0.0,   12.7,   57.8,    0.0,   63.1,   29.1,    0.0,   75.8,   86.9,   24.2,   13.1,    304,      0,      0,      0,      0,      0,      0,      7,      7,      0,    214,     76,      0,    221,     83,    15.3,    54.0,    22.7,    64.3,    15.3,    54.0,    22.7,    64.3,(5 Solana x $180 = $900),177LM3,FREX,177 ,F85,FutOnly
USD INDEX - ICE FUTURES U.S.,260512,2026-05-12,098662,ICUS,01,098 ,   32108,    3552,   10473,       0,   10772,    2419,    1492,    9720,   14471,     455,    3485,    1634,      25,   29501,   30969,    2607,    1139,    -388,      49,       0,       0,   -1887,     335,      26,    2313,    1259,   -1079,     216,    -311,       1,    -361,     231,     -27,    -619,  100.0,   11.1,   32.6,    0.0,   33.5,    7.5,    4.6,   30.3,   45.1,    1.4,   10.9,    5.1,    0.1,   91.9,   96.5,    8.1,    3.5,    103,      5,.,      0,     14,      9,      5,     25,     23,      7,     16,     10,.,     66,     50,    42.9,    57.2,    57.1,    66.8,    39.0,    56.3,    52.9,    64.8,(U.S. DOLLAR INDEX X $1000),098662,ICUS,098 ,F90,FutOnly
VIX FUTURES - CBOE FUTURES EXCHANGE,260512,2026-05-12,1170E1,E   ,00,117 ,  403191,  101757,   51668,   27162,   65802,   67684,   54401,   71913,  119492,   50114,    1938,    2473,    3982,  377069,  376976,   26122,   26215,   16101,    3785,    3871,     522,    7977,    -190,    7538,   -5982,    2794,    2103,    -171,     842,     715,   16487,   18195,    -386,   -2094,  100.0,   25.2,   12.8,    6.7,   16.3,   16.8,   13.5,   17.8,   29.6,   12.4,    0.5,    0.6,    1.0,   93.5,   93.5,    6.5,    6.5,    179,     17,     15,     20,     18,     25,     29,     38,     46,     56,      7,      7,     13,    148,    149,    38.0,    19.3,    49.8,    32.0,    33.9,    15.6,    42.4,    26.1,($1000 X INDEX),1170E1,E   ,117 ,F90,FutOnly
